,과목이름,교수님,평점,과제,팀플,학점 비율
0,HTM 컴퓨터프로그래밍,공성곤,5,보통,없음,학점느님
1,창업과기업가정신2,공성곤,4,보통,없음,학점느님
2,전산개론-O,공성곤,2.17,보통,없음,비율 채워줌
3,소프트웨어특강2,공성곤,1,보통,보통,F 폭격기
4,알고리즘및실습,국형준,4.14,보통,없음,비율 채워줌
5,프로그래밍입문-P,국형준,4,보통,없음,비율 채워줌
6,고급프로그래밍입문-C,국형준,4,많음,없음,비율 채워줌
7,자료구조및실습,국형준,3.77,보통,없음,비율 채워줌
8,소프트웨어기초코딩,국형준,2.81,많음,없음,비율 채워줌
9,데이터구조론,국형준,2,보통,없음,비율 채워줌
10,졸업연구및진로2,김영복,4,보통,없음,학점느님
11,컴퓨터네트워크,김영복,3.97,많음,보통,학점느님
12,웹프로그래밍,김영복,2.82,보통,보통,학점느님
13,소프트웨어특강2,김영복,1,보통,보통,비율 채워줌
14,신입생세미나,김용국,3,없음,없음,학점느님
15,HCI개론,김용국,2.22,없음,없음,학점느님
16,디지털시스템,김용국,1.7,보통,보통,매우 깐깐함
17,인공지능,김용국,1,보통,많음,매우 깐깐함
18,확률및통계,김해광,5,보통,없음,비율 채워줌
19,대학생활과진로설계,김해광,5,보통,보통,학점느님
20,확률통계및프로그래밍,김해광,4.77,보통,없음,학점느님
21,멀티미디어,김해광,4.5,보통,없음,비율 채워줌
22,이산수학및프로그래밍,김해광,4.24,보통,없음,학점느님
23,C프로그래밍및실습,나중채,5,많음,없음,비율 채워줌
24,자료구조및실습,나중채,4.63,보통,없음,학점느님
25,알고리즘및실습,나중채,4.06,보통,없음,비율 채워줌
26,졸업연구및진로1,나중채,4,보통,보통,학점느님
27,대학생활과진로설계,노재춘,5,보통,없음,학점느님
28,Unix프로그래밍,노재춘,4.92,보통,보통,학점느님
29,컴파일러,노재춘,4.57,보통,없음,비율 채워줌
30,자료구조및실습,노재춘,4.29,보통,없음,학점느님
31,C프로그래밍및실습,노재춘,3.75,보통,없음,비율 채워줌
32,운영체제,노재춘,3.27,많음,없음,매우 깐깐함
33,디지털시스템,문승빈,3.6,보통,보통,학점느님
34,컴퓨터구조론,문승빈,3.25,보통,없음,학점느님
35,컴퓨터구조,문승빈,2.67,보통,없음,비율 채워줌
36,대학생활과진로설계,문현준,5,없음,없음,학점느님
37,모바일프로그래밍,문현준,4,보통,많음,비율 채워줌
38,Capstone디자인(산학협력프로젝트),문현준,3.5,보통,보통,학점느님
39,컴퓨터구조론,문현준,3,많음,없음,비율 채워줌
40,영상처리,문현준,2.5,없음,없음,비율 채워줌
41,컴퓨터구조,문현준,2.06,보통,없음,비율 채워줌
42,오픈소스SW개론,문현준,1.44,없음,없음,비율 채워줌
43,컴퓨터구조,박기호,4.44,보통,없음,비율 채워줌
44,디지털시스템,박기호,4.24,보통,보통,비율 채워줌
45,컴퓨터구조론,박기호,4.17,보통,없음,비율 채워줌
46,멀티코어프로그래밍,박기호,4,보통,없음,학점느님
47,임베디드시스템,박기호,3,많음,보통,비율 채워줌
48,컴퓨터구조론,박우찬,5,보통,많음,학점느님
49,창업과기업가정신2,박우찬,4.74,보통,없음,학점느님
50,디지털시스템,박우찬,3.78,보통,보통,비율 채워줌
51,컴퓨터구조,박우찬,3.29,보통,보통,비율 채워줌
52,대학생활과진로설계,박태순,5,없음,없음,학점느님
53,C프로그래밍및실습,박태순,4.62,보통,없음,비율 채워줌
54,고급C프로그래밍및실습,박태순,4.56,보통,없음,비율 채워줌
55,운영체제,박태순,3.94,보통,없음,비율 채워줌
56,Unix프로그래밍,박태순,3.6,보통,보통,비율 채워줌
57,네트워크프로그래밍,신동규,4.25,보통,없음,학점느님
58,문제해결및실습:JAVA,신동규,4.17,많음,없음,학점느님
59,대학생활과진로설계,신동규,3,보통,없음,학점느님
60,문제해결및실습:JAVA,신동일,3.8,보통,없음,비율 채워줌
61,데이터베이스,신동일,3.65,보통,보통,학점느님
62,컴퓨터네트워크,양효식,3.42,보통,없음,비율 채워줌
63,확률통계및프로그래밍,양효식,2.6,보통,없음,학점느님
64,전산개론-I,양효식,2.5,보통,없음,비율 채워줌
65,Capstone디자인(산학협력프로젝트),양효식,2.5,많음,많음,매우 깐깐함
66,Capstone디자인(산학협력프로젝트),양효식,1,많음,많음,비율 채워줌
67,소프트웨어특강1,유성준,5,보통,없음,비율 채워줌
68,K-MOOC:파이썬을이용한기계학습개론,유성준,5,없음,없음,비율 채워줌
69,신입생세미나,유성준,5,보통,없음,학점느님
70,소프트웨어특강2,유성준,3.25,많음,없음,학점느님
71,기계학습,유성준,2.83,많음,없음,비율 채워줌
72,신입생세미나1,유영환,5,없음,없음,학점느님
73,선형대수및프로그래밍,유영환,4.9,보통,없음,학점느님
74,통신시스템,유영환,4.47,보통,없음,학점느님
75,무선통신,유영환,4.4,보통,없음,학점느님
76,확률통계및프로그래밍,유영환,3.96,보통,없음,학점느님
77,신호및시스템,유영환,3.82,보통,없음,학점느님
78,신입생세미나,윤은일,5,보통,없음,학점느님
79,데이터베이스,윤은일,4,많음,없음,비율 채워줌
80,XML프로그래밍,윤은일,1,많음,없음,학점느님
81,선형대수,이영렬,5,보통,없음,학점느님
82,선형대수및프로그래밍,이영렬,4.62,보통,없음,학점느님
83,영상처리,이영렬,4.5,보통,없음,비율 채워줌
84,신호및시스템,이영렬,4.18,보통,없음,학점느님
85,디지털신호처리,이영렬,3.83,많음,없음,비율 채워줌
86,대학생활과진로설계,이영렬,3,보통,보통,학점느님
87,신입생세미나,최수미,5,보통,보통,학점느님
88,소프트웨어공학,최수미,3,보통,보통,비율 채워줌
89,컴퓨터그래픽스,최수미,2.67,보통,없음,비율 채워줌
90,가상현실,최수미,1.75,보통,많음,비율 채워줌
91,Capstone디자인(산학협력프로젝트),한동일,5,많음,많음,학점느님
92,영상처리,한동일,4.5,보통,없음,비율 채워줌
93,C프로그래밍및실습,한동일,4.25,보통,없음,비율 채워줌
94,문제해결및실습:JAVA,한동일,3.78,보통,보통,비율 채워줌
95,VHDL프로그래밍,한동일,3.25,많음,많음,학점느님
96,고급C프로그래밍및실습,한동일,3,보통,없음,비율 채워줌
97,ES-영상처리소프트웨어,한동일,3,보통,보통,비율 채워줌
98,Capstone디자인(산학협력프로젝트),한동일,1.8,많음,많음,매우 깐깐함
99,공학설계기초,장윤,5,많음,많음,학점느님
100,데이터시각화,장윤,3,많음,보통,비율 채워줌
101,공학설계기초(산학프로젝트입문),장윤,2.96,많음,없음,학점느님
102,컴퓨터그래픽스,장윤,2.92,많음,없음,비율 채워줌
103,ES-웨어러블컴퓨터디자인,장윤,1,많음,많음,비율 채워줌
104,대학생활과진로설계,장윤,1,보통,보통,학점느님
105,창업과기업가정신2,권기학,3.83,보통,없음,학점느님
106,Capstone디자인(산학협력프로젝트),권기학,3.5,보통,보통,학점느님
107,특허와창업,권기학,3,보통,보통,매우 깐깐함
108,공학설계기초(산학프로젝트입문),권기학,2.36,많음,많음,비율 채워줌
109,Capstone디자인(산학협력프로젝트),권기학,1.8,많음,많음,매우 깐깐함
110,고급C프로그래밍및실습,김문석,2.67,보통,없음,비율 채워줌
111,C#프로그래밍,김문석,2.6,보통,없음,비율 채워줌
112,C프로그래밍및실습,김천식,4.89,보통,없음,비율 채워줌
113,고급C프로그래밍및실습,김천식,4.33,보통,없음,비율 채워줌
114,바리스타및음료실습2,이수정,5,보통,없음,학점느님
115,고등교육론,이수정,4.67,보통,보통,비율 채워줌
116,교육학의탐구,이수정,4.63,보통,보통,비율 채워줌
117,교육행정의이론과실제,이수정,4.33,보통,보통,비율 채워줌
118,대학의이해,이수정,4.29,보통,보통,비율 채워줌
119,바리스타및음료실습1,이수정,4.17,보통,보통,학점느님
120,현대인의삶과와인,이수정,4,없음,없음,비율 채워줌
121,Capstone디자인(산학협력프로젝트),이수정,2.5,많음,많음,매우 깐깐함
122,공업수학1,이수정,2.48,보통,없음,F 폭격기
123,자료구조및실습,이수정,2.33,보통,없음,비율 채워줌
124,소프트웨어특강2,Abolghasem Sadeghi-Niaraki,3.5,많음,없음,학점느님
125,공학설계기초(산학프로젝트입문),Abolghasem Sadeghi-Niaraki,2.14,많음,많음,비율 채워줌
126,소프트웨어특강1,Abolghasem Sadeghi-Niaraki,1,많음,보통,매우 깐깐함
127,웹프로그래밍,Abolghasem Sadeghi-Niaraki,1,보통,보통,학점느님
128,프로그래밍언어의개념,Anish Prasad Shrestha,4.8,보통,없음,학점느님
129,이산수학및프로그래밍,Anish Prasad Shrestha,3.86,보통,보통,학점느님
130,공업수학1,Anish Prasad Shrestha,3.75,보통,없음,비율 채워줌
131,HCI개론,Muhammad Raheel Bhutta,5,없음,없음,학점느님
132,운영체제,Muhammad Raheel Bhutta,4.67,보통,없음,비율 채워줌
133,문제해결및실습:C++,Muhammad Raheel Bhutta,3.5,보통,없음,비율 채워줌
134,데이터베이스,Muhammad Raheel Bhutta,2,많음,없음,비율 채워줌
135,무선통신,Nhu Ngoc DAO,4,보통,보통,학점느님
136,공학설계기초(산학프로젝트입문),Nhu Ngoc DAO,3.33,없음,없음,매우 깐깐함
137,멀티미디어,Shake Md Riazul Islam,4.5,보통,보통,학점느님
138,확률통계및프로그래밍,Shake Md Riazul Islam,4.25,보통,보통,학점느님
139,영상처리,Shake Md Riazul Islam,4,보통,없음,학점느님
140,문제해결및실습:C++,Shake Md Riazul Islam,2,보통,없음,학점느님
141,C#프로그래밍,Rajendra Dhakal,5,보통,없음,비율 채워줌
142,문제해결및실습:C++,Rajendra Dhakal,4.5,보통,없음,비율 채워줌
143,소프트웨어공학,Rajendra Dhakal,4,보통,보통,비율 채워줌
144,디지털시스템,Rajendra Dhakal,4,보통,없음,비율 채워줌
145,문제해결및실습:JAVA,Rajendra Dhakal,3.5,보통,보통,비율 채워줌
146,C프로그래밍및실습,Rajendra Dhakal,1.67,보통,보통,비율 채워줌
147,고급C프로그래밍및실습,김도년,4.27,보통,없음,비율 채워줌
148,디지털시스템,김도년,4.22,보통,없음,비율 채워줌
149,C프로그래밍및실습,김도년,3.92,보통,없음,비율 채워줌
150,고급프로그래밍입문-P,김도년,3,보통,없음,매우 깐깐함
151,고급프로그래밍입문-C,김도년,2.6,보통,없음,비율 채워줌
152,C#프로그래밍,김도년,2.5,보통,없음,비율 채워줌
153,고급프로그래밍입문-P,김도년,1.4,보통,없음,매우 깐깐함
154,C프로그래밍,임필옥,5,보통,없음,학점느님
155,자료구조및실습,임필옥,5,보통,없음,비율 채워줌
156,알고리즘및실습,임필옥,4.91,보통,없음,비율 채워줌
157,고급C프로그래밍및실습,임필옥,4.86,많음,없음,비율 채워줌
158,C프로그래밍및실습,임필옥,4.64,보통,없음,비율 채워줌
159,마이크로컴퓨터,송상훈,5,보통,많음,비율 채워줌
160,디지털시스템,송상훈,4.86,보통,보통,비율 채워줌
161,컴퓨터구조,송상훈,4.57,보통,없음,학점느님
162,컴퓨터구조론,송상훈,4.25,보통,보통,비율 채워줌
163,고급프로그래밍입문-C,송상훈,3.64,많음,없음,비율 채워줌
164,고급프로그래밍입문-C,송상훈,2,보통,없음,매우 깐깐함
165,선형대수,노용덕,5,보통,없음,학점느님
166,C#프로그래밍,노용덕,3,보통,없음,비율 채워줌
167,확률및통계,노용덕,3,없음,없음,학점느님
168,취업역량개발론,권순일,5,없음,없음,학점느님
169,패턴인식개론,권순일,4.5,없음,보통,학점느님
170,Capstone디자인(산학협력프로젝트),권순일,4,보통,보통,비율 채워줌
171,디지털사운드,권순일,3.83,보통,없음,비율 채워줌
172,Capstone디자인(산학협력프로젝트),권순일,2.5,없음,많음,매우 깐깐함
173,패턴인식,권순일,1.5,많음,없음,매우 깐깐함
174,인공지능,김원일,2.5,없음,없음,비율 채워줌
175,HCI개론,김원일,2.5,보통,없음,비율 채워줌
176,컴퓨터구조,김원일,2.5,없음,없음,비율 채워줌
177,컴퓨터네트워크,김원일,2.45,없음,없음,비율 채워줌
178,지능형시스템,김원일,2.33,없음,없음,비율 채워줌
179,운영체제,김원일,2,없음,없음,비율 채워줌
180,K-MOOC:코딩과스토리텔링,백성욱,4.72,보통,없음,학점느님
181,소프트웨어기초코딩,백성욱,3.68,많음,없음,비율 채워줌
182,컴퓨팅사고기반기초코딩,백성욱,3.18,보통,없음,비율 채워줌
183,프로그래밍입문-P,백성욱,2.85,많음,없음,매우 깐깐함
184,ES-기초프로그래밍,이종원,5,많음,없음,학점느님
185,ES-비주얼프로그래밍,이종원,4.5,보통,보통,학점느님
186,고급프로그래밍입문-C,이종원,4.33,보통,없음,비율 채워줌
187,컴퓨터그래픽스1,이종원,4,보통,없음,비율 채워줌
188,고급프로그래밍입문,이종원,4,보통,없음,비율 채워줌
189,선형대수,이종원,4,보통,보통,비율 채워줌
190,ES-엔터테인먼트SW미디어프로젝트캡스톤디자인,이종원,4,많음,많음,비율 채워줌
191,가상현실,이종원,3.5,보통,보통,매우 깐깐함
192,소프트웨어기초코딩,이종원,3.4,보통,없음,비율 채워줌
193,전산개론-C,이종원,3.33,많음,없음,매우 깐깐함
194,선형대수및프로그래밍,이종원,3.05,많음,없음,매우 깐깐함
195,ES-비주얼프로그래밍,이종원,3,많음,보통,비율 채워줌
196,고급프로그래밍입문-C,이종원,3,많음,없음,비율 채워줌
197,SM-소셜미디어기초프로그래밍,이종원,3,보통,없음,매우 깐깐함
198,고급프로그래밍입문-C,이종원,2.61,보통,없음,비율 채워줌
199,대학생활과진로설계,이종원,2,없음,없음,학점느님
200,고급프로그래밍입문-C,이종원,2,보통,없음,매우 깐깐함
201,졸업연구및진로2,송오영,5,없음,없음,학점느님
202,졸업연구및진로1,송오영,5,없음,없음,비율 채워줌
203,알고리즘,송오영,4,보통,보통,비율 채워줌
204,알고리즘및실습,송오영,3.9,보통,없음,비율 채워줌
205,고급프로그래밍입문-P,송오영,3.75,보통,없음,학점느님
206,K-MOOC:일반인을위한물리코딩,송오영,3.7,보통,없음,학점느님
207,일반물리및시뮬레이션,송오영,3.29,보통,없음,비율 채워줌
208,컴퓨터그래픽스,송오영,3.27,보통,없음,비율 채워줌
209,컴퓨팅사고기반기초코딩,송오영,3,보통,없음,비율 채워줌
210,고급프로그래밍입문-P,송오영,2.67,보통,보통,비율 채워줌
211,데이터구조론,최준연,5,많음,없음,비율 채워줌
212,SW설계기초(산학프로젝트입문),최준연,4.4,많음,많음,비율 채워줌
213,자료구조및실습,최준연,4.31,보통,없음,비율 채워줌
214,문제해결및실습:C++,박상일,4.66,보통,없음,비율 채워줌
215,멀티미디어프로그래밍,박상일,4.52,보통,없음,비율 채워줌
216,컴퓨터그래픽스2,박상일,4.5,보통,없음,비율 채워줌
217,JAVA프로그래밍,박상일,4,보통,없음,비율 채워줌
218,문제해결및실습:JAVA,박상일,3.85,많음,없음,비율 채워줌
219,앱프로그래밍,변재욱,5,보통,없음,학점느님
220,데이터베이스프로그래밍,변재욱,5,없음,없음,학점느님
221,데이터분석,변재욱,5,보통,없음,학점느님
222,데이터베이스,변재욱,5,보통,없음,학점느님
223,통계학개론,Farman ALI,5,보통,없음,학점느님
224,수치해석,Farman ALI,4.8,보통,없음,비율 채워줌
225,확률통계및프로그래밍,Maqbool Hussain,4.75,보통,없음,비율 채워줌
226,공업수학1,Maqbool Hussain,4.08,보통,없음,비율 채워줌
227,멀티미디어,Maqbool Hussain,3.4,보통,없음,비율 채워줌
228,데이터베이스,Maqbool Hussain,3,보통,보통,비율 채워줌
229,공업수학1,Muhammad Afzal,4.7,보통,없음,학점느님
230,알고리즘및실습,Muhammad Afzal,4.5,보통,없음,비율 채워줌
231,확률통계및프로그래밍,Muhammad Afzal,4,보통,없음,비율 채워줌
232,이산수학및프로그래밍,Muhammad Afzal,3.68,보통,없음,학점느님
233,선형대수및프로그래밍,Muhammad Attique,4.2,보통,없음,비율 채워줌
234,확률통계및프로그래밍,MUHAMMAD Khan,4.33,보통,없음,학점느님
235,프로그래밍,MUHAMMAD Khan,2,보통,없음,비율 채워줌
236,통계학개론,MUHAMMAD Khan,1.5,보통,없음,비율 채워줌
237,인공지능,김원일,2.5,없음,없음,비율 채워줌
238,HCI개론,김원일,2.5,보통,없음,비율 채워줌
239,컴퓨터구조,김원일,2.5,없음,없음,비율 채워줌
240,컴퓨터네트워크,김원일,2.45,없음,없음,비율 채워줌
241,지능형시스템,김원일,2.33,없음,없음,비율 채워줌
242,운영체제,김원일,2,없음,없음,비율 채워줌
243,대학생활과진로설계,노재춘,5,보통,없음,학점느님
244,Unix프로그래밍,노재춘,4.92,보통,보통,학점느님
245,컴파일러,노재춘,4.57,보통,없음,비율 채워줌
246,자료구조및실습,노재춘,4.29,보통,없음,학점느님
247,C프로그래밍및실습,노재춘,3.75,보통,없음,비율 채워줌
248,운영체제,노재춘,3.27,많음,없음,매우 깐깐함
249,네트워크프로그래밍,신동규,4.25,보통,없음,학점느님
250,문제해결및실습:JAVA,신동규,4.17,많음,없음,학점느님
251,대학생활과진로설계,신동규,3,보통,없음,학점느님
252,해석학개론2,하길찬,5,보통,없음,매우 깐깐함
253,기계학습(종합설계),하길찬,5,보통,없음,학점느님
254,선형대수학2,하길찬,5,보통,없음,비율 채워줌
255,선형대수학1,하길찬,4.56,보통,없음,비율 채워줌
256,전산수학실습,하길찬,4,많음,없음,비율 채워줌
257,해석학개론1,하길찬,3.8,보통,없음,비율 채워줌
258,미적분학및연습1,하길찬,3.5,보통,없음,비율 채워줌
259,전산수학실습1,하길찬,3.5,보통,없음,매우 깐깐함
260,졸업연구및진로2,김경중,5,없음,없음,학점느님
261,대학생활과진로설계,김경중,5,없음,없음,학점느님
262,C프로그래밍및실습,김경중,5,보통,없음,학점느님
263,K-MOOC:게임인공지능,김경중,5,없음,없음,학점느님
264,인공지능,김경중,3.5,보통,보통,비율 채워줌
265,ES-문화예술과ICT,김경중,3,보통,많음,비율 채워줌
266,전산개론-C,김경중,2.5,없음,없음,비율 채워줌
267,컴퓨터구조,김영갑,5,없음,없음,학점느님
268,대학생활과진로설계,김영갑,5,없음,없음,학점느님
269,문제해결및실습:JAVA,김영갑,4.57,보통,없음,학점느님
270,어셈블리어,김영갑,4.38,보통,없음,학점느님
271,데이터베이스보안,김영갑,3,보통,없음,비율 채워줌
272,어셈블리어,박기웅,5,많음,없음,비율 채워줌
273,임베디드시스템보안,박기웅,5,많음,보통,학점느님
274,Capstone디자인(산학협력프로젝트),박기웅,5,많음,많음,비율 채워줌
275,컴퓨터구조,박기웅,5,보통,없음,비율 채워줌
276,디지털포렌식,박기웅,4.5,보통,없음,비율 채워줌
277,오픈소스SW개론,박기웅,4,보통,보통,학점느님
278,졸업연구및진로1,송재승,5,없음,없음,학점느님
279,정보보호와보안의기초,송재승,4.67,보통,없음,학점느님
280,리눅스의기초및실습,송재승,4,보통,없음,비율 채워줌
281,오픈소스SW설계,송재승,4,보통,많음,비율 채워줌
282,운영체제,송재승,3.14,보통,없음,학점느님
283,K-MOOC:정보보호와보안의기초,송재승,2.8,많음,없음,비율 채워줌
284,고급프로그래밍입문-C,신지선,4,보통,없음,비율 채워줌
285,자료구조및실습,신지선,3.33,보통,보통,비율 채워줌
286,대학생활과진로설계,신지선,3,없음,없음,학점느님
287,알고리즘및실습,신지선,2.67,많음,없음,학점느님
288,고급프로그래밍입문-P,윤주범,5,보통,없음,학점느님
289,네트워크해킹과보안,윤주범,4,보통,없음,비율 채워줌
290,웹해킹과보안,윤주범,3.43,많음,없음,비율 채워줌
291,고급프로그래밍입문-P,윤주범,3.33,없음,없음,비율 채워줌
292,시스템해킹과보안,윤주범,3.17,보통,없음,비율 채워줌
293,인터넷보안,윤주범,3,보통,없음,비율 채워줌
294,고급프로그래밍입문-P,윤주범,3,없음,없음,학점느님
295,고급프로그래밍입문-P,윤주범,3,보통,없음,비율 채워줌
296,고급프로그래밍입문-P,윤주범,2.75,없음,없음,비율 채워줌
297,고급프로그래밍입문-P,윤주범,2.67,보통,보통,비율 채워줌
298,고급프로그래밍입문-P,윤주범,1.4,보통,없음,매우 깐깐함
299,고급프로그래밍입문-P,윤주범,1,보통,없음,매우 깐깐함
300,고급프로그래밍입문-P,윤주범,1,보통,없음,비율 채워줌
301,공개키암호론,이광수,4.58,보통,없음,학점느님
302,대칭키암호론,이광수,3.83,보통,없음,비율 채워줌
303,정수론,이광수,3.38,보통,없음,학점느님
304,C프로그래밍및실습,이광수,3,보통,없음,비율 채워줌
305,공학설계기초(산학프로젝트입문),이광수,2.65,보통,많음,비율 채워줌
306,창의SW융합노마드,이광수,2,많음,많음,학점느님
307,컴퓨터네트워크,이종혁,2.11,없음,없음,F 폭격기
308,네트워크해킹과보안,이종혁,1.5,없음,없음,매우 깐깐함
309,시스템프로그래밍,이종혁,1.4,보통,없음,매우 깐깐함
310,C프로그래밍및실습,이종혁,1,보통,없음,비율 채워줌
311,알고리즘및실습,이종혁,1,없음,없음,매우 깐깐함
312,공학설계기초,장윤,5,많음,많음,학점느님
313,데이터시각화,장윤,3,많음,보통,비율 채워줌
314,공학설계기초(산학프로젝트입문),장윤,2.96,많음,없음,학점느님
315,컴퓨터그래픽스,장윤,2.92,많음,없음,비율 채워줌
316,ES-웨어러블컴퓨터디자인,장윤,1,많음,많음,비율 채워줌
317,대학생활과진로설계,장윤,1,보통,보통,학점느님
318,운영체제,Lewis Nkenyereye,5,보통,없음,학점느님
319,오픈소스SW설계,Lewis Nkenyereye,3.67,많음,없음,학점느님
320,보안프로그래밍,Lewis Nkenyereye,3.33,많음,없음,매우 깐깐함
321,웹프로그래밍,Lewis Nkenyereye,3,보통,없음,비율 채워줌
322,컴퓨터네트워크,Lewis Nkenyereye,2,많음,없음,비율 채워줌
323,데이터베이스보안,Lewis Nkenyereye,1,보통,보통,학점느님
324,보안정책과법규,박대섭,4,많음,없음,비율 채워줌
325,사이버전개론,박대섭,3.91,보통,보통,비율 채워줌
326,인공지능,김원일,2.5,없음,없음,비율 채워줌
327,HCI개론,김원일,2.5,보통,없음,비율 채워줌
328,컴퓨터구조,김원일,2.5,없음,없음,비율 채워줌
329,컴퓨터네트워크,김원일,2.45,없음,없음,비율 채워줌
330,지능형시스템,김원일,2.33,없음,없음,비율 채워줌
331,운영체제,김원일,2,없음,없음,비율 채워줌
332,대학생활과진로설계,노재춘,5,보통,없음,학점느님
333,Unix프로그래밍,노재춘,4.92,보통,보통,학점느님
334,컴파일러,노재춘,4.57,보통,없음,비율 채워줌
335,자료구조및실습,노재춘,4.29,보통,없음,학점느님
336,C프로그래밍및실습,노재춘,3.75,보통,없음,비율 채워줌
337,운영체제,노재춘,3.27,많음,없음,매우 깐깐함
338,K-MOOC:코딩과스토리텔링,백성욱,4.72,보통,없음,학점느님
339,소프트웨어기초코딩,백성욱,3.68,많음,없음,비율 채워줌
340,컴퓨팅사고기반기초코딩,백성욱,3.18,보통,없음,비율 채워줌
341,프로그래밍입문-P,백성욱,2.85,많음,없음,매우 깐깐함
342,소프트웨어특강1,유성준,5,보통,없음,비율 채워줌
343,K-MOOC:파이썬을이용한기계학습개론,유성준,5,없음,없음,비율 채워줌
344,신입생세미나,유성준,5,보통,없음,학점느님
345,소프트웨어특강2,유성준,3.25,많음,없음,학점느님
346,기계학습,유성준,2.83,많음,없음,비율 채워줌
347,졸업연구및진로2,김경중,5,없음,없음,학점느님
348,대학생활과진로설계,김경중,5,없음,없음,학점느님
349,C프로그래밍및실습,김경중,5,보통,없음,학점느님
350,K-MOOC:게임인공지능,김경중,5,없음,없음,학점느님
351,인공지능,김경중,3.5,보통,보통,비율 채워줌
352,ES-문화예술과ICT,김경중,3,보통,많음,비율 채워줌
353,전산개론-C,김경중,2.5,없음,없음,비율 채워줌
354,공학설계기초,장윤,5,많음,많음,학점느님
355,데이터시각화,장윤,3,많음,보통,비율 채워줌
356,공학설계기초(산학프로젝트입문),장윤,2.96,많음,없음,학점느님
357,컴퓨터그래픽스,장윤,2.92,많음,없음,비율 채워줌
358,ES-웨어러블컴퓨터디자인,장윤,1,많음,많음,비율 채워줌
359,대학생활과진로설계,장윤,1,보통,보통,학점느님
360,데이터구조론,최준연,5,많음,없음,비율 채워줌
361,SW설계기초(산학프로젝트입문),최준연,4.4,많음,많음,비율 채워줌
362,자료구조및실습,최준연,4.31,보통,없음,비율 채워줌
363,데이터베이스,김미숙,5,많음,없음,비율 채워줌
364,기계학습,김미숙,5,많음,없음,비율 채워줌
365,고급기계학습,김미숙,4,많음,보통,학점느님
366,창의SW융합노마드,김미숙,3.75,많음,없음,학점느님
367,K-MOOC:기계학습,김미숙,2,보통,없음,매우 깐깐함
368,데이터분석개론,곽진태,3,보통,보통,비율 채워줌
369,C프로그래밍및실습,곽진태,2.8,보통,없음,비율 채워줌
370,고급C프로그래밍및실습,곽진태,2.5,많음,없음,비율 채워줌
371,패턴인식,곽진태,2,보통,보통,비율 채워줌
372,신입생세미나,이승원,5,보통,없음,학점느님
373,세종사회봉사1,이승원,5,없음,없음,학점느님
374,데이터문제해결및실습1,이승원,4.5,보통,없음,학점느님
375,운영체제,이승원,4.38,보통,없음,학점느님
376,대학생활과진로설계,이승원,4,없음,없음,학점느님
377,고급C프로그래밍및실습,이승원,3.88,보통,없음,학점느님
378,확률통계및프로그래밍,이승원,3.4,보통,없음,비율 채워줌
379,알고리즘및실습,이승원,3,없음,없음,학점느님
380,C프로그래밍및실습,이승원,2,많음,없음,F 폭격기
381,신입생세미나,오시몬,5,없음,없음,학점느님
382,웹프로그래밍,Jamil HUSSAIN,3,보통,보통,비율 채워줌
383,사물인터넷,김형석,5,보통,없음,학점느님
384,컴퓨터구조및운영체제,김형석,4.25,보통,없음,학점느님
385,창의융합노마드,김형석,3,보통,보통,학점느님
386,창의SW기초설계,김형석,3,없음,많음,학점느님
387,기초설계,김형석,1.71,많음,많음,비율 채워줌
388,통신시스템,이병무,5,보통,없음,학점느님
389,디지털신호처리,이병무,5,보통,없음,학점느님
390,이산수학및프로그래밍,이병무,4.33,보통,없음,학점느님
391,C프로그래밍및실습,이병무,4,보통,없음,학점느님
392,고급C프로그래밍및실습,이병무,4,많음,없음,비율 채워줌
393,선형대수및프로그래밍,이병무,3.8,보통,없음,비율 채워줌
394,확률통계및프로그래밍,이병무,3.25,보통,없음,비율 채워줌
395,고급프로그래밍입문-P,임유승,5,보통,없음,학점느님
396,창의SW융합노마드,임유승,5,보통,보통,학점느님
397,C프로그래밍및실습,임유승,4.47,보통,없음,비율 채워줌
398,고급C프로그래밍및실습,임유승,4,보통,없음,비율 채워줌
399,전자회로,임유승,4,보통,없음,학점느님
400,물리전자공학,임유승,4,보통,없음,비율 채워줌
401,전기회로실험,임유승,2.2,많음,없음,매우 깐깐함
402,창의SW융합노마드,박성훈,5,없음,없음,학점느님
403,센서소자및시스템,박성훈,5,없음,없음,학점느님
404,반도체공정,박성훈,4.5,보통,없음,학점느님
405,창의융합노마드,박성훈,4,보통,많음,학점느님
406,선형대수및프로그래밍,박성훈,3.5,보통,없음,학점느님
407,선형대수,박성훈,3,없음,없음,학점느님
408,고급프로그래밍입문-P,박성훈,3,없음,없음,학점느님
409,공업수학1,박성훈,2.83,없음,없음,비율 채워줌
410,C프로그래밍및실습,박성훈,2.5,보통,없음,비율 채워줌
411,반도체소자,박성훈,2,없음,없음,비율 채워줌
412,프로그래밍입문-P,박성훈,1,보통,없음,비율 채워줌
413,동역학,송진우,5,보통,없음,비율 채워줌
414,전기회로실험,송진우,5,많음,없음,학점느님
415,신입생세미나,송진우,5,없음,없음,학점느님
416,창의SW기초설계,송진우,5,보통,보통,학점느님
417,취창업과진로설계,송진우,4.88,보통,없음,학점느님
418,창업과기업가정신2,송진우,4.83,보통,없음,학점느님
419,자동제어,송진우,4.8,보통,없음,학점느님
420,전기회로,송진우,4.75,많음,없음,학점느님
421,공업수학1,송진우,4.71,보통,없음,학점느님
422,소프트웨어기초코딩,송진우,4,보통,없음,학점느님
423,컴퓨팅사고기반기초코딩,송진우,3.17,보통,없음,비율 채워줌
424,고급C프로그래밍및실습,서재규,5,보통,없음,학점느님
425,이산수학및프로그래밍,서재규,5,보통,없음,학점느님
426,C프로그래밍및실습,서재규,5,보통,없음,비율 채워줌
427,영상처리,서재규,5,보통,없음,학점느님
428,신입생세미나,서재규,5,없음,없음,학점느님
429,디지털시스템,서재규,4.94,보통,없음,학점느님
430,대학생활과진로설계,서재규,4,보통,없음,학점느님
431,웹프로그래밍,이진영,5,많음,많음,비율 채워줌
432,영상처리,이진영,5,많음,없음,학점느님
433,C프로그래밍및실습,이진영,4.5,보통,없음,비율 채워줌
434,고급C프로그래밍및실습,이진영,3.9,보통,없음,비율 채워줌
435,자료구조및실습,이진영,3.73,없음,없음,매우 깐깐함
436,알고리즘및실습,이진영,2.5,없음,없음,매우 깐깐함
437,수치해석,정철,5,많음,많음,비율 채워줌
438,통신시스템,정철,5,보통,없음,학점느님
439,신호및시스템,정철,4.86,보통,없음,비율 채워줌
440,행정철학과윤리,정철,4.73,많음,없음,학점느님
441,고급C프로그래밍및실습,정철,4.14,많음,없음,비율 채워줌
442,컴퓨터네트워크,정철,4,보통,없음,학점느님
443,창의SW기초설계,정철,3.75,많음,많음,학점느님
444,창의융합노마드,정철,2.78,많음,많음,매우 깐깐함
445,패턴인식,최유경,5,보통,없음,비율 채워줌
446,인공지능의이해,최유경,5,많음,없음,학점느님
447,고급C프로그래밍및실습,최유경,4.86,많음,없음,비율 채워줌
448,인공지능,최유경,4.79,보통,없음,비율 채워줌
449,기계학습,최유경,4.6,많음,없음,비율 채워줌
450,자료구조및실습,최유경,4.44,많음,없음,비율 채워줌
451,C프로그래밍및실습,김성한,5,보통,없음,비율 채워줌
452,신입생세미나,김성한,5,없음,없음,학점느님
453,기계학습,김성한,5,보통,없음,비율 채워줌
454,동적시스템모델링,김성한,4.67,보통,없음,학점느님
455,창의SW기초설계,김성한,3.8,보통,많음,학점느님
456,창의SW융합노마드,김성한,3,보통,많음,학점느님
457,동역학,김성한,3,보통,없음,학점느님
458,SM-캡스톤디자인,김성한,2,보통,보통,학점느님
459,이산수학및프로그래밍,김세원,5,보통,없음,학점느님
460,창의SW융합노마드,김세원,5,많음,없음,학점느님
461,C프로그래밍및실습,김세원,5,보통,보통,비율 채워줌
462,자동제어,김세원,4.75,보통,없음,학점느님
463,창의SW융합노마드,이현석,5,보통,없음,학점느님
464,컴퓨터네트워크,이현석,5,보통,없음,학점느님
465,자료구조및실습,이현석,4.17,보통,보통,학점느님
466,전산개론-O,이현석,2.5,보통,없음,비율 채워줌
467,신호및시스템,이현석,2.33,보통,없음,비율 채워줌
468,디지털시스템,MAI The Vu,5,보통,없음,학점느님
469,선형대수및프로그래밍,MAI The Vu,5,보통,없음,비율 채워줌
470,로보틱스,MAI The Vu,3.33,보통,없음,학점느님
471,전기회로,Rashid ALI,2,보통,없음,비율 채워줌
472,확률통계및프로그래밍,Rashid ALI,1,많음,없음,비율 채워줌
473,컴퓨터구조및운영체제,Rizwan Ali NAQVI,4.67,많음,없음,학점느님
474,웹프로그래밍,Rizwan Ali NAQVI,1.25,많음,많음,매우 깐깐함
475,전기회로,김상모,4,보통,없음,학점느님
476,딥러닝시스템,김지선,2.75,보통,없음,비율 채워줌
477,선형대수및프로그래밍,IJAZ MUHAMMAD FAZAL,2,보통,없음,매우 깐깐함
478,확률통계및프로그래밍,IJAZ MUHAMMAD FAZAL,1.75,보통,없음,F 폭격기
479,컴퓨터구조및운영체제,Amir HAIDER,2,보통,없음,비율 채워줌
480,동적시스템모델링,강병현,4.5,보통,없음,비율 채워줌
481,전기회로,박소영,5,보통,없음,학점느님
482,웹프로그래밍,이찬화,5,많음,없음,학점느님
483,디지털시스템,이찬화,4.67,보통,없음,학점느님
484,대학생활과진로설계,박용진,5,없음,없음,학점느님
485,비주얼커뮤니케이션디자인2,박용진,5,많음,없음,비율 채워줌
486,신입생세미나,박용진,5,보통,없음,비율 채워줌
487,디자인인모션1,박용진,4.5,보통,없음,비율 채워줌
488,디지털미디어프로젝트1,박용진,3,많음,없음,비율 채워줌
489,그래픽디자인2,박용진,3,보통,없음,비율 채워줌
490,K-MOOC:모빌리티디자인방법론,김진성,5,보통,없음,학점느님
491,스마트프로덕트디자인1,김진성,4,많음,많음,비율 채워줌
492,디자인재료및성형기법,김진성,3,보통,보통,학점느님
493,3D디자인,김진성,1.29,많음,많음,F 폭격기
494,아이덴티티디자인1,민자경,5,많음,없음,매우 깐깐함
495,인포그래픽,민자경,5,많음,없음,학점느님
496,신입생세미나,민자경,5,보통,보통,학점느님
497,아이덴티티디자인2,민자경,5,많음,없음,학점느님
498,비주얼커뮤니케이션디자인2,민자경,4.67,많음,많음,비율 채워줌
499,2D디자인,민자경,4.62,많음,없음,비율 채워줌
500,비주얼커뮤니케이션디자인1,민자경,4.56,많음,보통,비율 채워줌
501,창의융합노마드,민자경,3.2,보통,많음,학점느님
502,애니메이션기초1,김세훈,5,많음,없음,비율 채워줌
503,애니메이션기초2,김세훈,3.5,보통,없음,매우 깐깐함
504,만화기초1,이현세,5,보통,없음,비율 채워줌
505,대학생활과진로설계,이현세,1,없음,없음,학점느님
506,ES-문화예술과ICT,최은경,5,보통,많음,학점느님
507,ES-콜라보레이션 크리에이티브,최은경,4,많음,많음,학점느님
508,ES-문화예술과ICT,최은경,4,없음,없음,학점느님
509,ES-문화예술과ICT,최은경,3,보통,많음,비율 채워줌
510,ES-콜라보레이션 크리에이티브,최은경,3,보통,많음,학점느님
511,이펙트디자인1,최은경,3,많음,많음,학점느님
512,뉴미디어콜라보레이션2,최은경,2,보통,많음,비율 채워줌
513,ES-문화예술과ICT,최은경,1,보통,없음,비율 채워줌
514,창의융합노마드,최은경,1,많음,많음,비율 채워줌
515,콘텐츠기획2,한창완,4.86,보통,없음,비율 채워줌
516,콘텐츠기획1,한창완,4.4,보통,없음,학점느님
517,K-MOOC:콘텐츠산업의비즈니스전략,한창완,4.15,보통,없음,학점느님
518,창의융합노마드,강윤극,1,많음,많음,비율 채워줌
519,디지털스토리텔링,박재우,1.5,보통,많음,비율 채워줌
520,창의융합노마드,박재우,1,많음,많음,비율 채워줌
521,연극영화교과교재연구및지도법,김영미,1,보통,보통,비율 채워줌
522,대학생활과진로설계,문현준,5,없음,없음,학점느님
523,모바일프로그래밍,문현준,4,보통,많음,비율 채워줌
524,Capstone디자인(산학협력프로젝트),문현준,3.5,보통,보통,학점느님
525,컴퓨터구조론,문현준,3,많음,없음,비율 채워줌
526,영상처리,문현준,2.5,없음,없음,비율 채워줌
527,컴퓨터구조,문현준,2.06,보통,없음,비율 채워줌
528,오픈소스SW개론,문현준,1.44,없음,없음,비율 채워줌
529,공학설계기초,장윤,5,많음,많음,학점느님
530,데이터시각화,장윤,3,많음,보통,비율 채워줌
531,공학설계기초(산학프로젝트입문),장윤,2.96,많음,없음,학점느님
532,컴퓨터그래픽스,장윤,2.92,많음,없음,비율 채워줌
533,ES-웨어러블컴퓨터디자인,장윤,1,많음,많음,비율 채워줌
534,대학생활과진로설계,장윤,1,보통,보통,학점느님
535,소프트웨어특강1,유성준,5,보통,없음,비율 채워줌
536,K-MOOC:파이썬을이용한기계학습개론,유성준,5,없음,없음,비율 채워줌
537,신입생세미나,유성준,5,보통,없음,학점느님
538,소프트웨어특강2,유성준,3.25,많음,없음,학점느님
539,기계학습,유성준,2.83,많음,없음,비율 채워줌
540,패턴인식,최유경,5,보통,없음,비율 채워줌
541,인공지능의이해,최유경,5,많음,없음,학점느님
542,고급C프로그래밍및실습,최유경,4.86,많음,없음,비율 채워줌
543,인공지능,최유경,4.79,보통,없음,비율 채워줌
544,기계학습,최유경,4.6,많음,없음,비율 채워줌
545,자료구조및실습,최유경,4.44,많음,없음,비율 채워줌
546,데이터베이스,김미숙,5,많음,없음,비율 채워줌
547,기계학습,김미숙,5,많음,없음,비율 채워줌
548,고급기계학습,김미숙,4,많음,보통,학점느님
549,창의SW융합노마드,김미숙,3.75,많음,없음,학점느님
550,K-MOOC:기계학습,김미숙,2,보통,없음,매우 깐깐함
551,고급데이터처리,심태용,5,보통,없음,학점느님
552,신입생세미나,이승원,5,보통,없음,학점느님
553,세종사회봉사1,이승원,5,없음,없음,학점느님
554,데이터문제해결및실습1,이승원,4.5,보통,없음,학점느님
555,운영체제,이승원,4.38,보통,없음,학점느님
556,대학생활과진로설계,이승원,4,없음,없음,학점느님
557,고급C프로그래밍및실습,이승원,3.88,보통,없음,학점느님
558,확률통계및프로그래밍,이승원,3.4,보통,없음,비율 채워줌
559,알고리즘및실습,이승원,3,없음,없음,학점느님
560,C프로그래밍및실습,이승원,2,많음,없음,F 폭격기
561,C프로그래밍및실습,전창재,5,보통,없음,학점느님
562,인공지능의이해,전창재,4.91,보통,없음,학점느님
563,소프트웨어특강2,Abolghasem Sadeghi-Niaraki,3.5,많음,없음,학점느님
564,공학설계기초(산학프로젝트입문),Abolghasem Sadeghi-Niaraki,2.14,많음,많음,비율 채워줌
565,소프트웨어특강1,Abolghasem Sadeghi-Niaraki,1,많음,보통,매우 깐깐함
566,웹프로그래밍,Abolghasem Sadeghi-Niaraki,1,보통,보통,학점느님
567,프로그래밍언어의개념,Anish Prasad Shrestha,4.8,보통,없음,학점느님
568,이산수학및프로그래밍,Anish Prasad Shrestha,3.86,보통,보통,학점느님
569,공업수학1,Anish Prasad Shrestha,3.75,보통,없음,비율 채워줌
570,HCI개론,Muhammad Raheel Bhutta,5,없음,없음,학점느님
571,운영체제,Muhammad Raheel Bhutta,4.67,보통,없음,비율 채워줌
572,문제해결및실습:C++,Muhammad Raheel Bhutta,3.5,보통,없음,비율 채워줌
573,데이터베이스,Muhammad Raheel Bhutta,2,많음,없음,비율 채워줌
574,무선통신,Nhu Ngoc DAO,4,보통,보통,학점느님
575,공학설계기초(산학프로젝트입문),Nhu Ngoc DAO,3.33,없음,없음,매우 깐깐함
576,멀티미디어,Shake Md Riazul Islam,4.5,보통,보통,학점느님
577,확률통계및프로그래밍,Shake Md Riazul Islam,4.25,보통,보통,학점느님
578,영상처리,Shake Md Riazul Islam,4,보통,없음,학점느님
579,문제해결및실습:C++,Shake Md Riazul Islam,2,보통,없음,학점느님
580,C#프로그래밍,Rajendra Dhakal,5,보통,없음,비율 채워줌
581,문제해결및실습:C++,Rajendra Dhakal,4.5,보통,없음,비율 채워줌
582,소프트웨어공학,Rajendra Dhakal,4,보통,보통,비율 채워줌
583,디지털시스템,Rajendra Dhakal,4,보통,없음,비율 채워줌
584,문제해결및실습:JAVA,Rajendra Dhakal,3.5,보통,보통,비율 채워줌
585,C프로그래밍및실습,Rajendra Dhakal,1.67,보통,보통,비율 채워줌
586,취업역량개발론,권순일,5,없음,없음,학점느님
587,패턴인식개론,권순일,4.5,없음,보통,학점느님
588,Capstone디자인(산학협력프로젝트),권순일,4,보통,보통,비율 채워줌
589,디지털사운드,권순일,3.83,보통,없음,비율 채워줌
590,Capstone디자인(산학협력프로젝트),권순일,2.5,없음,많음,매우 깐깐함
591,패턴인식,권순일,1.5,많음,없음,매우 깐깐함
592,신입생세미나,김용국,3,없음,없음,학점느님
593,HCI개론,김용국,2.22,없음,없음,학점느님
594,디지털시스템,김용국,1.7,보통,보통,매우 깐깐함
595,인공지능,김용국,1,보통,많음,매우 깐깐함
596,공학설계기초(산학프로젝트입문),이수진,2.38,보통,많음,매우 깐깐함
597,C프로그래밍및실습,전창재,5,보통,없음,학점느님
598,인공지능의이해,전창재,4.91,보통,없음,학점느님
599,대학생을위한실용금융,김대종,4.63,많음,없음,학점느님
600,경영수학,김대종,2.43,많음,없음,비율 채워줌
601,경제학원론,김대종,2.33,많음,많음,매우 깐깐함
602,경영통계학,김대종,1.71,많음,보통,비율 채워줌
603,애지헌강좌1,이요섭,5,보통,보통,학점느님
604,채플1,이요섭,4.96,없음,없음,학점느님
605,채플3,이요섭,4.93,없음,없음,학점느님
606,채플4,이요섭,4.9,없음,없음,학점느님
607,채플2,이요섭,4.77,없음,없음,학점느님
608,정보사회와정보이용,신은자,4.76,보통,없음,학점느님
609,정보리터러시,신은자,4.3,보통,없음,비율 채워줌
610,HCI와커뮤니케이션,신은자,4.11,보통,없음,학점느님
611,과학기술과사회,정연철,5,보통,없음,학점느님
612,과학철학,정연철,5,보통,없음,학점느님
613,SHP고전강좌:Reading Intellectus 2,정연철,5,보통,없음,학점느님
614,서양고전강독4,정연철,4.72,보통,없음,학점느님
615,현대과학기술의이해,정연철,4.5,없음,없음,학점느님
616,유니스토리,정연철,4.5,보통,없음,비율 채워줌
617,인간과우주,정연철,4.39,없음,없음,학점느님
618,과학사,정연철,4.14,보통,없음,학점느님
619,우주자연인간,정연철,4.07,보통,없음,학점느님
620,도시지역경제학,배길원,5,보통,없음,학점느님
621,세계경제의이해,배길원,5,보통,없음,학점느님
622,경제원론1,배길원,4.2,보통,없음,학점느님
623,생활과경제,배길원,4,없음,없음,학점느님
624,고전특강,박승원,4.75,보통,없음,학점느님
625,동양사상산책,박승원,3.86,많음,없음,학점느님
626,헌법1,김희정,4.85,보통,없음,비율 채워줌
627,창업과기업가정신1,김희정,4.6,보통,없음,학점느님
628,스피치커뮤니케이션,김희정,4.5,보통,없음,학점느님
629,정보사회의사이버윤리,김희정,4.5,보통,없음,학점느님
630,헌법2,김희정,4.4,보통,없음,학점느님
631,주제탐구와발표(SHP),김희정,1,보통,없음,학점느님
632,대학생활과진로설계,심재경,5,없음,보통,학점느님
633,생명의미시적세계,심재경,4.73,보통,없음,학점느님
634,현대과학으로의여행,심재경,4.71,보통,없음,학점느님
635,생화학및실험,심재경,3,보통,보통,비율 채워줌
636,바이오폴리머공학,심재경,2.67,없음,보통,비율 채워줌
637,분자면역학,심재경,2,없음,없음,비율 채워줌
638,분자생화학,심재경,1,보통,없음,매우 깐깐함
639,취업역량개발론,황용식,5,없음,없음,학점느님
640,취업전략및사회진출,황용식,5,보통,없음,학점느님
641,진로설정과자기계발,황용식,4.97,없음,없음,학점느님
642,취업과진로,황용식,4.93,보통,없음,학점느님
643,취창업과진로설계,황용식,4.87,보통,없음,학점느님
644,비즈니스세미나,황용식,4,많음,보통,학점느님
645,경영학원론,황용식,3.53,보통,없음,비율 채워줌
646,국제경영론,황용식,3.29,보통,없음,비율 채워줌
647,전략경영,황용식,2.83,보통,많음,매우 깐깐함
648,동서양의윤리,이기백,4.06,보통,없음,학점느님
649,철학과인간이해,이기백,3.5,보통,많음,비율 채워줌
650,법학적성평가연습2,이기백,2,많음,많음,비율 채워줌
651,한국의언어와문화1,이지은,5,없음,없음,학점느님
652,미적분학및연습1,이지은,5,보통,없음,비율 채워줌
653,미적분학및연습2,이지은,5,보통,없음,학점느님
654,한국문화와한국어교육,이지은,5,보통,보통,학점느님
655,역사학개론,이지은,5,많음,없음,비율 채워줌
656,일변수미적분학,이지은,4.86,보통,없음,학점느님
657,인도의정치경제와사회,이지은,4.86,없음,없음,학점느님
658,고등미적분학2,이지은,4.67,보통,없음,비율 채워줌
659,기초미적분학,이지은,4.62,보통,없음,비율 채워줌
660,다변수미적분학,이지은,4.5,보통,없음,비율 채워줌
661,인공지능기초수학,이지은,3,많음,없음,비율 채워줌
662,현대인의정신건강과자기발견,전보영,4.86,보통,없음,학점느님
663,행복한가정만들기,전보영,4.67,보통,없음,학점느님
664,21세기외교전쟁,강병철,4,많음,없음,비율 채워줌
665,세계화와글로벌거버넌스,강병철,3.08,많음,없음,매우 깐깐함
666,선광제련공학개론,권경중,5,보통,보통,비율 채워줌
667,대학생활과진로설계,권경중,5,없음,없음,학점느님
668,세종사회봉사2,권경중,5,없음,없음,학점느님
669,일반화학,권경중,4.64,보통,없음,학점느님
670,열역학,권경중,4.4,보통,보통,학점느님
671,세종사회봉사1,권경중,3.3,없음,없음,학점느님
672,전기화학공학및실습,권경중,3.25,보통,많음,비율 채워줌
673,세종리더십,이주은,3.56,많음,많음,비율 채워줌
674,전파천문학,김성은,5,보통,보통,학점느님
675,경제원론2,김성은,5,보통,없음,학점느님
676,금융시장론,김성은,5,보통,없음,학점느님
677,성간물질,김성은,4.5,보통,보통,학점느님
678,경제원론1,김성은,4.5,보통,없음,학점느님
679,국제금융론,김성은,4.5,보통,보통,비율 채워줌
680,항성대기,김성은,4.5,보통,없음,비율 채워줌
681,항성천문학,김성은,4.43,보통,없음,학점느님
682,계량경제학,김성은,4.38,보통,없음,비율 채워줌
683,국제통상학개론,김성은,4.2,보통,없음,비율 채워줌
684,천문학의세계,김성은,4.14,보통,없음,비율 채워줌
685,거시경제학,김성은,4,많음,보통,매우 깐깐함
686,은하천문학,김성은,3.67,보통,없음,학점느님
687,성간물질,오세헌,5,보통,없음,비율 채워줌
688,천문학의세계,오세헌,4.81,보통,없음,학점느님
689,일반물리학및실험1,오세헌,4.43,보통,없음,비율 채워줌
690,기초천문학및실험1,오세헌,4,없음,없음,비율 채워줌
691,전파천문학,오세헌,2.5,보통,없음,매우 깐깐함
692,기초천문관측및실습,Graziano Rossi,3.57,보통,보통,학점느님
693,동양의철학사상-노장과불교,임홍태,4.78,없음,없음,학점느님
694,동양고전강독1,임홍태,4.67,보통,없음,학점느님
695,동양의철학사상-공맹과성리학,임홍태,3.14,보통,없음,학점느님
696,동양고전강독2,임홍태,2.47,보통,없음,매우 깐깐함
697,창업과기업가정신2,이태하,5,보통,없음,학점느님
698,SHP고전강좌:Building Intellectus 1,이태하,5,많음,보통,학점느님
699,동양고전강독1,이태하,5,보통,없음,학점느님
700,서양철학:쟁점과토론,이태하,4.94,많음,없음,학점느님
701,창업과기업가정신1,이태하,4.83,보통,없음,학점느님
702,서양철학:쟁점과토론,이태하,4.8,보통,보통,학점느님
703,서양철학:쟁점과토론,이태하,4.75,보통,보통,비율 채워줌
704,창업과기업가정신1,이태하,4.54,보통,없음,학점느님
705,서양고전강독2,이태하,4.53,보통,없음,학점느님
706,서양철학:쟁점과토론,이태하,4.5,많음,보통,비율 채워줌
707,서양고전강독1,이태하,4.5,보통,없음,학점느님
708,수요집현강좌,이태하,4.49,보통,없음,학점느님
709,서양철학:쟁점과토론,이태하,4.32,많음,없음,비율 채워줌
710,서양철학:쟁점과토론,이태하,4.3,많음,없음,학점느님
711,서양철학:쟁점과토론,이태하,4.06,많음,없음,비율 채워줌
712,서양고전강독4,이태하,4,보통,없음,학점느님
713,교직소양을위한독서강좌2,이태하,4,없음,없음,학점느님
714,서양철학:쟁점과토론,이태하,4,많음,많음,비율 채워줌
715,서양철학:쟁점과토론,이태하,3.67,많음,많음,비율 채워줌
716,서양철학:쟁점과토론,이태하,3.67,많음,많음,비율 채워줌
717,창업과기업가정신1,이태하,3.6,보통,없음,학점느님
718,서양고전강독3,이태하,3.44,보통,없음,학점느님
719,서양철학:쟁점과토론,이태하,3.43,많음,많음,학점느님
720,서양철학:쟁점과토론,이태하,3.33,많음,보통,매우 깐깐함
721,서양철학:쟁점과토론,이태하,3.32,많음,없음,비율 채워줌
722,"공간과인간:인문,예술,공학의융합",이태하,3,보통,보통,매우 깐깐함
723,SHP고전강좌:Reading Intellectus 1,이태하,2.33,많음,많음,매우 깐깐함
724,"공간과인간:인문,예술,공학의융합",이태하,2,많음,보통,매우 깐깐함
725,동서양고전문학강독,이태하,1.67,많음,없음,비율 채워줌
726,서양철학:쟁점과토론,이태하,1.05,많음,많음,매우 깐깐함
727,인류의선사문화,우은진,4.33,보통,많음,학점느님
728,한국의문화유산,우은진,4.22,보통,보통,비율 채워줌
729,"인지과학:마음,언어,기계",정경숙,5,보통,없음,학점느님
730,과학기술과사회,정경숙,4.58,보통,없음,비율 채워줌
731,유니스토리,정경숙,3.51,보통,없음,비율 채워줌
732,현대과학기술의이해,정경숙,2.75,많음,없음,비율 채워줌
733,생활속의색채심리학,정경숙,2,보통,많음,학점느님
734,디자인이노베이션,김영은,3.67,보통,보통,비율 채워줌
735,2D디자인,김영은,3.64,보통,없음,매우 깐깐함
736,인터렉티브디자인,김영은,2.33,많음,많음,매우 깐깐함
737,영상스토리텔링,구중회,3.57,보통,없음,비율 채워줌
738,보컬트레이닝,김성경,3.85,보통,없음,비율 채워줌
739,영어듣기연습,Gordon Maccoy,5,보통,없음,학점느님
740,English Reading Practice 1,Gordon Maccoy,4.3,보통,없음,비율 채워줌
741,English for Professional Purposes 1,Gordon Maccoy,4,많음,보통,비율 채워줌
742,글로벌잉글리쉬1(진로탐색),Gordon Maccoy,4,많음,없음,비율 채워줌
743,English Listening Practice 1,Gordon Maccoy,3.93,보통,없음,비율 채워줌
744,English Listening Practice 2,Gordon Maccoy,3.67,보통,보통,비율 채워줌
745,English for Professional Purposes 2,Gordon Maccoy,3.33,보통,많음,비율 채워줌
746,Job Hunting Skills,Gordon Maccoy,3,많음,없음,비율 채워줌
747,독서토론,김판임,4.67,많음,보통,비율 채워줌
748,문화콘텐츠와성서,김판임,3.4,보통,보통,비율 채워줌
749,서양종교의이해,김판임,3.2,보통,보통,비율 채워줌
750,동양종교의이해,김판임,3.18,보통,없음,비율 채워줌
751,독어,김판임,3.17,보통,보통,비율 채워줌
752,그리스로마신화의이해,김판임,2.64,보통,보통,비율 채워줌
753,창의SW융합노마드,이현석,5,보통,없음,학점느님
754,컴퓨터네트워크,이현석,5,보통,없음,학점느님
755,자료구조및실습,이현석,4.17,보통,보통,학점느님
756,전산개론-O,이현석,2.5,보통,없음,비율 채워줌
757,신호및시스템,이현석,2.33,보통,없음,비율 채워줌
758,수치해석,정철,5,많음,많음,비율 채워줌
759,통신시스템,정철,5,보통,없음,학점느님
760,신호및시스템,정철,4.86,보통,없음,비율 채워줌
761,행정철학과윤리,정철,4.73,많음,없음,학점느님
762,고급C프로그래밍및실습,정철,4.14,많음,없음,비율 채워줌
763,컴퓨터네트워크,정철,4,보통,없음,학점느님
764,창의SW기초설계,정철,3.75,많음,많음,학점느님
765,창의융합노마드,정철,2.78,많음,많음,매우 깐깐함
766,패턴인식,최유경,5,보통,없음,비율 채워줌
767,인공지능의이해,최유경,5,많음,없음,학점느님
768,고급C프로그래밍및실습,최유경,4.86,많음,없음,비율 채워줌
769,인공지능,최유경,4.79,보통,없음,비율 채워줌
770,기계학습,최유경,4.6,많음,없음,비율 채워줌
771,자료구조및실습,최유경,4.44,많음,없음,비율 채워줌
772,고급프로그래밍입문-P,임유승,5,보통,없음,학점느님
773,창의SW융합노마드,임유승,5,보통,보통,학점느님
774,C프로그래밍및실습,임유승,4.47,보통,없음,비율 채워줌
775,고급C프로그래밍및실습,임유승,4,보통,없음,비율 채워줌
776,전자회로,임유승,4,보통,없음,학점느님
777,물리전자공학,임유승,4,보통,없음,비율 채워줌
778,전기회로실험,임유승,2.2,많음,없음,매우 깐깐함
779,GMSW-IT기술영작문(기초),진실로,5,보통,없음,학점느님
780,Technical Writing기초2,진실로,5,많음,없음,학점느님
781,GMSW-IT기술영작문(기초),진실로,5,많음,없음,비율 채워줌
782,영문법의이해,진실로,4.89,보통,없음,비율 채워줌
783,영문번역의첫걸음,진실로,4.78,많음,보통,비율 채워줌
784,Technical Writing기초,진실로,4.77,보통,없음,학점느님
785,GMSW-IT기술영작문(심화),진실로,4.5,많음,없음,비율 채워줌
786,Technical Writing기초,진실로,4.44,보통,없음,비율 채워줌
787,"공간과인간:인문,예술,공학의융합",신기호,4.61,보통,보통,학점느님
788,"공간과인간:인문,예술,공학의융합",신기호,3,보통,보통,매우 깐깐함
789,"공간과인간:인문,예술,공학의융합",신기호,2,많음,보통,매우 깐깐함
790,영어듣기연습,Joanne Taeyoung Kim,4.83,보통,보통,학점느님
791,English Listening Practice 1,Joanne Taeyoung Kim,4.54,보통,보통,학점느님
792,English Reading Practice 2,Joanne Taeyoung Kim,4.5,보통,보통,비율 채워줌
793,영어읽기연습,Joanne Taeyoung Kim,4.29,보통,없음,학점느님
794,English Writing 1,Joanne Taeyoung Kim,4,많음,보통,비율 채워줌
795,English Reading Practice 1,Joanne Taeyoung Kim,4,보통,많음,비율 채워줌
796,English Writing 2,Joanne Taeyoung Kim,3.94,보통,많음,비율 채워줌
797,영어로하는프리젠테이션,Joanne Taeyoung Kim,3,보통,많음,학점느님
798,English Composition 2,Michael Andrew Dirks,5,보통,없음,학점느님
799,English Writing 2,Michael Andrew Dirks,5,보통,보통,비율 채워줌
800,영어듣기연습,Michael Andrew Dirks,4.93,없음,없음,학점느님
801,영어읽기연습,Michael Andrew Dirks,4.88,없음,없음,학점느님
802,English Listening Practice 2,Michael Andrew Dirks,4.5,보통,없음,비율 채워줌
803,English Listening Practice 1,Michael Andrew Dirks,4.48,보통,없음,학점느님
804,English for Professional Purposes 2,Michael Andrew Dirks,4.25,보통,보통,학점느님
805,졸업연구및진로1,송재승,5,없음,없음,학점느님
806,정보보호와보안의기초,송재승,4.67,보통,없음,학점느님
807,리눅스의기초및실습,송재승,4,보통,없음,비율 채워줌
808,오픈소스SW설계,송재승,4,보통,많음,비율 채워줌
809,운영체제,송재승,3.14,보통,없음,학점느님
810,K-MOOC:정보보호와보안의기초,송재승,2.8,많음,없음,비율 채워줌
811,K-MOOC:웨어러블컴퓨터디자인,김숙진,5,보통,없음,학점느님
812,K-MOOC:웨어러블컴퓨터디자인,김숙진,4.82,보통,없음,학점느님
813,ES-창업을위한디지털패션디자인,김숙진,4,많음,많음,학점느님
814,ES-웨어러블컴퓨터디자인,김숙진,2.5,보통,없음,비율 채워줌
815,고급패션드레이핑,김숙진,1,많음,없음,비율 채워줌
816,ES-웨어러블컴퓨터디자인,김숙진,1,많음,많음,비율 채워줌
817,콘텐츠기획2,한창완,4.86,보통,없음,비율 채워줌
818,콘텐츠기획1,한창완,4.4,보통,없음,학점느님
819,K-MOOC:콘텐츠산업의비즈니스전략,한창완,4.15,보통,없음,학점느님
820,선형대수및프로그래밍,Muhammad Attique,4.2,보통,없음,비율 채워줌
821,물리학및실험입문2,김건,5,많음,보통,비율 채워줌
822,일반물리학및실험2,김건,4,보통,없음,비율 채워줌
823,양자역학1,김건,3.8,많음,없음,비율 채워줌
824,전기와자기,김건,3.75,많음,없음,비율 채워줌
825,융합적사고,김건,3.5,많음,많음,매우 깐깐함
826,기초계산과학,김건,3.4,많음,없음,매우 깐깐함
827,일반물리학및실험1,김건,3.17,많음,없음,매우 깐깐함
828,English Writing 1,변혜원,5,보통,보통,학점느님
829,English Reading Practice 1,변혜원,5,보통,없음,비율 채워줌
830,Intensive English,변혜원,4.9,보통,없음,학점느님
831,English Writing 2,변혜원,4.6,보통,없음,학점느님
832,English for Professional Purposes 1,변혜원,4,보통,보통,비율 채워줌
833,GMSW-자연어처리와프로그래밍언어,신원재,5,보통,없음,비율 채워줌
834,문제해결을위한글쓰기와발표,신원재,4.43,보통,많음,비율 채워줌
835,영어듣기와말하기,신원재,4.2,보통,많음,학점느님
836,SHP고전강좌:Reading Intellectus 1,신원재,2.25,많음,보통,매우 깐깐함
837,K-MOOC:코딩과스토리텔링,백성욱,4.72,보통,없음,학점느님
838,소프트웨어기초코딩,백성욱,3.68,많음,없음,비율 채워줌
839,컴퓨팅사고기반기초코딩,백성욱,3.18,보통,없음,비율 채워줌
840,프로그래밍입문-P,백성욱,2.85,많음,없음,매우 깐깐함
841,취업전략및사회진출,노양희,5,보통,보통,학점느님
842,한국사회와여성문제,노양희,5,보통,없음,학점느님
843,여성학,노양희,5,보통,없음,학점느님
844,진로오딧세이,노양희,4.56,보통,없음,학점느님
845,주제탐구와발표(SHP),노양희,3.14,많음,없음,학점느님
846,영어읽기연습,Todd Tate,4.67,없음,없음,학점느님
847,English Reading Practice 1,Todd Tate,4.11,보통,없음,학점느님
848,English Speaking Strategies(O) 1,Todd Tate,4,없음,보통,학점느님
849,English Reading Practice 2,Todd Tate,4,보통,보통,학점느님
850,글로벌잉글리쉬1(심화),Todd Tate,3.5,보통,없음,비율 채워줌
851,English Writing 2,Todd Tate,3.5,없음,보통,학점느님
852,English Writing 1,Todd Tate,2.83,보통,보통,학점느님
853,English for Professional Purposes 1,Todd Tate,2,보통,많음,매우 깐깐함
854,문제해결을위한글쓰기와발표,양정현,4.6,많음,보통,학점느님
855,융합적사고에기반한인문사회계글쓰기,양정현,3.5,많음,없음,비율 채워줌
856,융합적사고에기반한이공계글쓰기,양정현,3.14,보통,없음,학점느님
857,English Reading Practice 2,John P. Bernabei,5,보통,없음,비율 채워줌
858,English Listening Practice 1,John P. Bernabei,4.54,보통,없음,학점느님
859,영어듣기연습,John P. Bernabei,4.33,보통,보통,학점느님
860,English Reading Practice 1,John P. Bernabei,3.89,보통,없음,비율 채워줌
861,English Writing 1,John P. Bernabei,3.84,보통,없음,비율 채워줌
862,English Composition 2,John P. Bernabei,3.67,보통,많음,비율 채워줌
863,English Writing 2,John P. Bernabei,3.24,보통,없음,비율 채워줌
864,English Speaking Strategies(TS) 1,Shion Kang,5,보통,없음,학점느님
865,영어듣기연습,Shion Kang,5,보통,없음,학점느님
866,English Speaking Strategies(TS) 2,Shion Kang,5,보통,없음,학점느님
867,English for Professional Purposes 2,Shion Kang,4.67,보통,없음,비율 채워줌
868,English Writing 2,Shion Kang,3.5,보통,없음,학점느님
869,English Reading Practice 2,Shion Kang,3,보통,보통,비율 채워줌
870,English Listening Practice 1,Shion Kang,2.81,보통,없음,비율 채워줌
871,English Reading Practice 1,Shion Kang,2.73,보통,없음,비율 채워줌
872,English Listening Practice 2,Shion Kang,1.89,보통,없음,비율 채워줌
873,기후변화와창조경영,전의찬,4.83,없음,보통,학점느님
874,기후변화와창조경영,전의찬,4.8,보통,없음,학점느님
875,기후변화와지속가능발전,전의찬,4.4,보통,없음,학점느님
876,기후변화와창조경영,전의찬,4.14,보통,보통,학점느님
877,대기오염방지공학,전의찬,4,없음,없음,학점느님
878,연료및연소공학,전의찬,2.33,보통,없음,비율 채워줌
879,매체언어론,장현묵,4.33,보통,없음,비율 채워줌
880,신입생세미나,최진호,5,없음,없음,학점느님
881,BA 빅데이터비즈니스모델,최진호,4.5,많음,보통,비율 채워줌
882,경영학원론,최진호,4.43,보통,없음,학점느님
883,경영정보론,최진호,2.55,많음,보통,비율 채워줌
884,R을이용한정보활용,최진호,2.5,많음,없음,비율 채워줌
885,비즈니스모델,최진호,1.6,많음,많음,F 폭격기
886,Intensive English,박선영,5,없음,없음,비율 채워줌
887,글로벌잉글리쉬1,박선영,5,없음,없음,학점느님
888,English Reading Practice 2,박선영,5,보통,없음,학점느님
889,기초중국어1,박선영,4.83,보통,없음,학점느님
890,English Writing 2,박선영,4.8,보통,없음,비율 채워줌
891,English Writing 1,박선영,4.5,보통,없음,비율 채워줌
892,English Listening Practice 1,박선영,4.5,없음,없음,학점느님
893,English Reading,박선영,4.45,보통,없음,학점느님
894,중국어입문,박선영,4.4,보통,없음,학점느님
895,English Listening,박선영,4.31,없음,없음,비율 채워줌
896,동아시아근대사,박선영,4,많음,많음,학점느님
897,중급중국어연습1,박선영,4,보통,보통,학점느님
898,English Reading Practice 1,박선영,3.86,보통,없음,학점느님
899,중국문화의이해,박선영,3.8,보통,없음,비율 채워줌
900,중급중국어1,박선영,1.25,많음,보통,매우 깐깐함
901,중급중국어2,박선영,1,많음,많음,학점느님
902,패션코디네이션기초,류현정,3.5,많음,없음,매우 깐깐함
903,패션디자인의이해,류현정,3.45,보통,없음,학점느님
904,식생활과건강,김용휘,4.13,보통,없음,학점느님
905,식품생물공학,김용휘,3.2,보통,없음,비율 채워줌
906,식품일반미생물학,김용휘,2.91,보통,없음,비율 채워줌
907,음식문화사,김용휘,2.67,보통,없음,비율 채워줌
908,향미화학및관능평가,김용휘,2.5,많음,많음,비율 채워줌
909,미생물의세계,소문수,4.75,보통,없음,비율 채워줌
910,일반미생물학및실험,소문수,2.58,많음,없음,비율 채워줌
911,유전학,소문수,1.75,많음,없음,비율 채워줌
912,SM-소셜미디어마케팅,김지헌,5,보통,많음,비율 채워줌
913,생활속의마케팅이해,김지헌,5,보통,보통,비율 채워줌
914,신입생세미나,김지헌,5,보통,없음,학점느님
915,마케팅관리,김지헌,4.5,보통,많음,비율 채워줌
916,소비자행동론,김지헌,4.5,보통,많음,비율 채워줌
917,브랜드관리,김지헌,2.56,보통,많음,매우 깐깐함
918,생명질서와자연보호,양현옥,3.86,보통,없음,학점느님
919,대학생활과진로설계,박상은,5,없음,없음,비율 채워줌
920,원격탐사및실습,박상은,5,보통,없음,학점느님
921,기초설계,박상은,5,보통,보통,학점느님
922,지구탐사,박상은,4.83,보통,없음,학점느님
923,전산프로그래밍및실습,박상은,4.5,보통,없음,비율 채워줌
924,응용원격탐사및실습,박상은,4,보통,없음,매우 깐깐함
925,이산자료처리및실습,박상은,4,보통,보통,비율 채워줌
926,인공위성지구물리학,박상은,4,많음,보통,학점느님
927,텍스타일캡스톤디자인,정재윤,4,많음,없음,비율 채워줌
928,소재캡스톤디자인,정재윤,3.67,보통,없음,비율 채워줌
929,전공일본어1,Murakami Kenichi,5,보통,없음,학점느님
930,일본어2,Murakami Kenichi,4.5,보통,없음,비율 채워줌
931,생활일본어,Murakami Kenichi,4.33,보통,없음,비율 채워줌
932,전공일본어2,Murakami Kenichi,4.33,보통,없음,비율 채워줌
933,일본어A1,Murakami Kenichi,4.3,보통,없음,학점느님
934,일본어A2,Murakami Kenichi,4.3,보통,없음,비율 채워줌
935,일본어1,Murakami Kenichi,4.2,보통,없음,학점느님
936,일본어회화,Murakami Kenichi,4,보통,없음,비율 채워줌
937,일본어2,Yano Takayoshi,4.43,보통,없음,비율 채워줌
938,일본어작문,Yano Takayoshi,4.33,보통,없음,비율 채워줌
939,일본어1,Yano Takayoshi,4.29,보통,없음,비율 채워줌
940,생활일본어,Yano Takayoshi,4.07,보통,없음,비율 채워줌
941,일본어강독,Yano Takayoshi,4,보통,없음,비율 채워줌
942,일본어B1,Yano Takayoshi,3.67,보통,없음,매우 깐깐함
943,생활속의색채심리학,이상명,2.14,보통,없음,학점느님
944,현대인과건강관리,양성해,4.5,보통,없음,비율 채워줌
945,운동과다이어트,양성해,4.13,보통,없음,학점느님
946,건강증진학,양성해,2.75,보통,보통,매우 깐깐함
947,체력육성실습,양성해,2.5,보통,없음,매우 깐깐함
948,운동과건강,양성해,2.33,보통,없음,비율 채워줌
949,성과문화,배정원,3.51,많음,보통,학점느님
950,현대사회와스포츠,배조경,5,보통,없음,비율 채워줌
951,기초중국어1,하두진,4.75,보통,없음,비율 채워줌
952,초급중국어,박성혜,5,보통,없음,학점느님
953,중국어입문,박성혜,5,보통,없음,학점느님
954,기초중국어2,박성혜,5,보통,없음,학점느님
955,중국문학과문화,박성혜,3.6,보통,없음,학점느님
956,중급중국어2,이은주,5,보통,없음,학점느님
957,기초중국어1,이은주,5,없음,없음,학점느님
958,중국어입문,이은주,4.71,보통,없음,학점느님
959,국가와정체성,호사카유지,4.78,없음,없음,비율 채워줌
960,한일교류사,호사카유지,4.26,보통,없음,비율 채워줌
961,정치경제학의이해,호사카유지,3.92,없음,없음,비율 채워줌
962,역사와한국의영토,호사카유지,3.67,없음,없음,비율 채워줌
963,미술심리치료,최승이,4,보통,없음,비율 채워줌
964,중급미술심리치료,최승이,3.83,보통,많음,매우 깐깐함
965,English Reading Practice 2,Catherine Gallagher,5,없음,없음,비율 채워줌
966,영어읽기연습,Catherine Gallagher,4.89,보통,없음,학점느님
967,영상매체속의영어,Catherine Gallagher,4.75,보통,없음,학점느님
968,English Listening Practice 1,Catherine Gallagher,4.7,보통,없음,학점느님
969,English Listening Practice 2,Catherine Gallagher,4.33,보통,보통,비율 채워줌
970,English Writing 1,Catherine Gallagher,4.11,보통,보통,학점느님
971,English Reading Practice 1,Catherine Gallagher,4,보통,없음,비율 채워줌
972,English Writing 2,Catherine Gallagher,3.4,보통,보통,비율 채워줌
973,English Reading Practice 1,Kyle F McCullagh,5,많음,보통,비율 채워줌
974,English Reading Practice 2,Kyle F McCullagh,5,많음,많음,학점느님
975,영어읽기연습,Kyle F McCullagh,5,보통,없음,학점느님
976,English Listening Practice 1,Kyle F McCullagh,4.87,보통,없음,학점느님
977,English for Professional Purposes 1,Kyle F McCullagh,4.5,보통,없음,비율 채워줌
978,English Listening Practice 2,Kyle F McCullagh,4.3,보통,없음,학점느님
979,영어발음연습,Kyle F McCullagh,4.3,보통,없음,학점느님
980,English for Professional Purposes 2,Kyle F McCullagh,4,보통,없음,비율 채워줌
981,English for Professional Purposes 1,Young In Chang,5,보통,보통,비율 채워줌
982,영어읽기연습,Young In Chang,5,보통,없음,학점느님
983,English Speaking Strategies(O) 2,Young In Chang,5,보통,없음,학점느님
984,English Listening Practice 1,Young In Chang,4.76,보통,없음,학점느님
985,English Reading Practice 1,Young In Chang,4.32,보통,없음,비율 채워줌
986,English Listening Practice 2,Young In Chang,3.63,보통,없음,비율 채워줌
987,English Writing 1,Young In Chang,3.33,많음,없음,매우 깐깐함
988,English Writing 2,Young In Chang,2.67,많음,없음,매우 깐깐함
989,English for Professional Purposes 2,Young In Chang,1,보통,보통,F 폭격기
990,English Listening Practice 1,Mark Daniel Mechem,4.5,보통,없음,학점느님
991,English Writing 1,Mark Daniel Mechem,4.33,보통,없음,비율 채워줌
992,English Listening Practice 2,Mark Daniel Mechem,4,보통,없음,비율 채워줌
993,영어읽기연습,Mark Daniel Mechem,3.63,많음,없음,학점느님
994,English Reading Practice 1,Mark Daniel Mechem,3.18,보통,없음,비율 채워줌
995,English Writing 2,Mark Daniel Mechem,2.73,보통,없음,비율 채워줌
996,English Reading Practice 2,Mark Daniel Mechem,2.5,많음,없음,비율 채워줌
997,영어읽기연습,Maria Choe,5,많음,보통,학점느님
998,English Listening Practice 2,Maria Choe,5,보통,없음,학점느님
999,English Reading Practice 2,Maria Choe,4.5,보통,보통,비율 채워줌
1000,English Reading Practice 1,Maria Choe,3.64,보통,없음,비율 채워줌
1001,English Listening Practice 1,Maria Choe,3.36,많음,없음,매우 깐깐함
1002,English Writing 1,Maria Choe,3.25,보통,많음,학점느님
1003,English Writing 2,Maria Choe,2.77,많음,많음,매우 깐깐함
1004,영어듣기연습,Jordan Jamie Green,5,보통,없음,학점느님
1005,English Reading Practice 1,Jordan Jamie Green,4.86,보통,없음,비율 채워줌
1006,English Listening Practice 1,Jordan Jamie Green,4.8,보통,없음,학점느님
1007,영어읽기연습,Jordan Jamie Green,4.5,보통,없음,학점느님
1008,English Writing 2,Jordan Jamie Green,4.22,보통,보통,학점느님
1009,English Writing 1,Jordan Jamie Green,3.9,보통,없음,학점느님
1010,현대인과기독교,김현섭,4.67,보통,없음,학점느님
1011,문화콘텐츠와성서,김현섭,4.5,보통,없음,학점느님
1012,서양종교의이해,김현섭,4.5,보통,없음,학점느님
1013,독서토론,김현섭,4.27,많음,없음,학점느님
1014,이미지메이킹,유정아,4.33,보통,없음,학점느님
1015,우리차문화의이해,권정순,4.25,많음,없음,비율 채워줌
1016,국제금융론,이혁진,4.67,보통,없음,학점느님
1017,경제원론2,이혁진,3.71,보통,없음,비율 채워줌
1018,미시경제학,이혁진,3.67,보통,없음,비율 채워줌
1019,거시경제학,이혁진,3.5,보통,없음,비율 채워줌
1020,응용미시경제학,이혁진,2.67,보통,없음,비율 채워줌
1021,노동경제학,이혁진,2.5,보통,없음,매우 깐깐함
1022,신입생세미나,이문기,5,보통,없음,학점느님
1023,중국의정치경제와사회,이문기,4.69,보통,없음,비율 채워줌
1024,중국근현대사,이문기,4,보통,없음,매우 깐깐함
1025,세종사회봉사1,이문기,4,없음,없음,학점느님
1026,현대중국의이해,이문기,3.74,보통,없음,비율 채워줌
1027,동아시아근현대사,이문기,3.17,보통,없음,매우 깐깐함
1028,중국정치사회론,이문기,3,많음,많음,학점느님
1029,동아시아와한반도,이문기,2.58,많음,없음,비율 채워줌
1030,한중관계론,이문기,1,보통,보통,매우 깐깐함
1031,교양스키,김병민,5,보통,없음,학점느님
1032,골프,김병민,4.83,보통,없음,학점느님
1033,웰빙레저스포츠,김병민,4,보통,없음,비율 채워줌
1034,스포츠와미디어,김병민,1,보통,보통,매우 깐깐함
1035,졸업시험(P/NP),김병민,1,많음,많음,매우 깐깐함
1036,트레이닝방법론,윤철,5,없음,없음,학점느님
1037,스쿼시,윤철,5,없음,없음,학점느님
1038,인체해부학,윤철,3,없음,보통,비율 채워줌
1039,교양배드민턴,윤철,3,없음,없음,매우 깐깐함
1040,English Writing 1,David M Hindman,5,많음,없음,학점느님
1041,영어듣기연습,David M Hindman,5,없음,없음,학점느님
1042,English Reading Practice 1,David M Hindman,4.07,보통,없음,학점느님
1043,영어로하는프리젠테이션,David M Hindman,3.8,많음,없음,비율 채워줌
1044,English Writing 2,David M Hindman,3.75,많음,많음,학점느님
1045,미디어빅뱅시대의기업과브랜드,신하얀,5,없음,없음,학점느님
1046,취업과진로,신하얀,4.94,보통,없음,학점느님
1047,창업과기업가정신1,신하얀,4.83,보통,없음,학점느님
1048,미디어와현대사회,신하얀,4.67,보통,없음,학점느님
1049,창업과기업가정신1,신하얀,4.54,보통,없음,학점느님
1050,이미지메이킹,신하얀,4.46,보통,보통,학점느님
1051,중급미술심리치료,강수지,4.85,보통,없음,학점느님
1052,일반미생물학및실험,권영수,5,보통,없음,학점느님
1053,성의과학,권영수,3.57,보통,없음,학점느님
1054,생명과학의미래,권영수,2.9,보통,없음,비율 채워줌
1055,기기분석학,권영수,2.44,보통,없음,비율 채워줌
1056,일반생물학1,권영수,2.29,보통,없음,비율 채워줌
1057,분자생물학2,권영수,2.17,보통,없음,비율 채워줌
1058,독서토론,이영민,4,보통,많음,비율 채워줌
1059,고전특강,이영민,4,많음,많음,학점느님
1060,논리와논술,이영민,3.67,보통,없음,비율 채워줌
1061,문제해결을위한글쓰기와발표,이영민,2.35,많음,많음,비율 채워줌
1062,세종리더십,이영민,2,많음,많음,비율 채워줌
1063,고전특강,신동옥,3.67,많음,없음,학점느님
1064,인물로보는세계사,박효근,4.47,보통,없음,비율 채워줌
1065,세계사:인간과문명,박효근,4.46,보통,많음,비율 채워줌
1066,교직소양을위한독서강좌2,박효근,4,보통,보통,매우 깐깐함
1067,고전특강,박효근,2.69,많음,없음,매우 깐깐함
1068,재난대응과안전리더십,권용희,4.64,보통,없음,학점느님
1069,먹고즐기는자연,진중현,4.23,많음,없음,학점느님
1070,푸른바다생물이야기,김민선,4.52,보통,없음,학점느님
1071,곤충의새로운가치,윤은영,4.52,보통,없음,비율 채워줌
1072,일반생물학,윤은영,4,보통,없음,학점느님
1073,일반생물학1,윤은영,4,보통,보통,학점느님
1074,시사로보는경제이야기,양봉진,4.08,많음,없음,비율 채워줌
1075,SHP고전강좌:Reading Intellectus 2,양봉진,1.33,많음,없음,비율 채워줌
